complexName,complexNumber,supplySpace,supplySpaceName,articleNumber,dealPrice,dongName,floorInfo,articleConfirmDate,exposureStartDate,articleFeatureDescription,realtorCount
마곡엠밸리1단지,107482,119,119C㎡,2648284668,170000,104동,저/13층,2026.09.07,,"하.나.추.천.9호선초역세,편의시설인접,초중고학세권,3bay판상형",1
마곡엠밸리1단지,107482,119,119C㎡,,180000,104동,중/13층,2026.09.28,,,6
마곡엠밸리2단지,107960,114,114D㎡,2652080748,165000,204동,1/12층,2026.09.28,,,12
마곡엠밸리2단지,107960,114,114C㎡,2651809813,165000,205동,고/12층,2026.09.28,,"34형, 통풍잘되는판상형, 시원한뷰, 관리잘됨, 초중고인접, 9호선역세권",1
마곡엠밸리2단지,107960,114,114B㎡,,170000,206동,저/13층,2026.09.23,,,4
마곡엠밸리3단지,107961,115,115B㎡,,165000,302동,15/15층,2026.09.28,,,23
마곡엠밸리3단지,107961,115,115B㎡,,190000,302동,중/15층,2026.09.22,,,2
마곡엠밸리4단지,107483,114,114F㎡,2652092435,185000,403동,5/15층,2026.09.28,,,15
마곡엠밸리4단지,107483,114,114F㎡,2652113944,190000,403동,7/15층,2026.09.28,,,6
마곡엠밸리4단지,107483,114,114F㎡,2647572339,220000,403동,11/15층,2026.09.03,,9호선공항철도환승및 급행역인 마곡나루역세권,1
마곡엠밸리5단지,107475,112,112B㎡,2652130192,180000,506동,8/10층,2026.09.28,,,30
마곡엠밸리6단지,107506,112,112E㎡,2651449136,195000,615동,중/15층,2026.09.23,,"주인거주, 가벽제거 팬트리등 올인테리어됨,막힘없는 사계절 공원뷰,공항초3",1
마곡엠밸리6단지,107506,113,113D㎡,2651857510,195000,609동,8/16층,2026.09.28,,"추천매물,27년3월협의, 로얄동 로얄층,기본형 ,상태굿,거래 잘되는 집.",1
마곡엠밸리6단지,107506,113,113D㎡,2652125272,200000,615동,9/15층,2026.09.28,,,11
마곡엠밸리6단지,107506,113,113D㎡,2652126181,200000,611동,중/16층,2026.09.28,,,5
마곡엠밸리7단지,107477,109,109B㎡,2652116639,220000,705동,6/15층,2026.09.28,,,14
마곡엠밸리7단지,107477,109,109B㎡,,230000,706동,6/15층,2026.09.28,,,8
마곡엠밸리8단지,112211,117,117D㎡,,175000,805동,저/15층,2026.09.28,,,2
마곡엠밸리8단지,112211,117,117D㎡,2651812727,180000,803동,9/15층,2026.09.28,,,4
마곡엠밸리8단지,112211,117,117D㎡,2647137065,180000,803동,중/15층,,,남서향 집상태깨끗 물건다양함,1
마곡엠밸리9단지,131224,117,117D㎡,,178000,902동,7/15층,2026.09.05,,,2
마곡엠밸리9단지,131224,117,117D㎡,2650277443,180000,916동,고/16층,2026.09.17,,1.아늑하고 편안한 아파트 2.투자에 적합한 아파트,1
마곡엠밸리9단지,131224,117,117C㎡,,182000,905동,고/16층,2026.09.28,,,8
마곡엠밸리9단지,131224,118,118B㎡,2650272531,190000,908동,13/15층,2026.09.17,,"로얄동,로얄층 ,층간소음걱정노, 남향,판상형,공항초,시스템에어컨 입주협의",1
마곡엠밸리9단지,131224,118,118B㎡,,190000,908동,12/15층,2026.09.17,,,7
마곡엠밸리10단지,112279,116,116㎡,,165000,1017동,12/16층,2026.09.28,,,10
마곡엠밸리10단지,112279,116,116㎡,2649591594,170000,1017동,1/16층,2026.09.14,,확장형.남향.아이키우기좋은곳.마곡역세권.입주협의,1
마곡엠밸리10단지,112279,116,116㎡,,190000,1017동,고/16층,2026.09.28,,,2
마곡엠밸리11단지,112280,119,119D㎡,2647029541,169000,1106동,중/15층,2026.09.01,,35 강.추.급.매. 입주협의가능 또는 세안고매매,1
마곡엠밸리12단지,112281,119,119C㎡,,180000,1206동,5/15층,2026.09.28,,,7
마곡13단지힐스테이트마스터,109799,114,114A㎡,,178000,1308동,1/16층,2026.09.23,,,4
마곡13단지힐스테이트마스터,109799,114,114A㎡,,180000,1301동,1/15층,2026.09.17,,,5
마곡13단지힐스테이트마스터,109799,114,114A㎡,2650275797,180000,1307동,고/16층,2026.09.17,,YL 세안고 판상형 남향 고층 시원한 뻥뷰,1
마곡13단지힐스테이트마스터,109799,115,115B㎡,2649701771,178000,1317동,저/16층,2026.09.14,,,2
마곡13단지힐스테이트마스터,109799,115,115B㎡,,183000,1322동,4/16층,2026.09.28,,,6
마곡13단지힐스테이트마스터,109799,115,115B㎡,2650432808,185000,1315동,2/16층,2026.09.18,,,8
마곡엠밸리14단지,107504,114,114D㎡,2650407035,185000,1402동,2/15층,2026.09.17,,"확트인 거실앞 산책로 뷰가 보이는 선호도 높은 동.집앞 편의시설,유명학원",1
마곡엠밸리14단지,107504,114,114D㎡,2649422014,185000,1401동,저/15층,2026.09.12,,,4
마곡엠밸리14단지,107504,114,114D㎡,,190000,1405동,3/15층,2026.09.28,,,4
마곡엠밸리15단지,107505,115,115B㎡,,200000,1503동,8/16층,2026.09.25,,,11
마곡엠밸리15단지,107505,116,116D㎡,2649304324,180000,1513동,저/15층,2026.09.11,,입주협의.진출이 좋은 동. 가벽철거로 넓은 개방감. 1층 아님.선호하는층,1
마곡엠밸리15단지,107505,116,116D㎡,2651821657,190000,1501동,1/16층,2026.09.28,,층간 소음 걱정 없는 1층 급매,1
마곡엠밸리15단지,107505,116,116D㎡,,198000,1512동,중/15층,2026.09.28,,,3
마곡힐스테이트,108359,113,113C㎡,2652038721,163000,107동,1/15층,2026.09.28,,,14
마곡힐스테이트,108359,113,113C㎡,2651064497,168000,101동,저/15층,2026.09.21,,,3
마곡힐스테이트,108359,113,113B㎡,,178000,102동,저/15층,2026.09.28,,,3
마곡힐스테이트,108359,114,114A㎡,,177000,102동,4/15층,2026.09.21,,,2
마곡힐스테이트,108359,114,114A㎡,,179000,105동,11/15층,2026.09.28,,,13
마곡힐스테이트,108359,114,114A㎡,2647841629,180000,107동,12/15층,2026.09.04,,신방화역도보5분 남동향트인뷰 로얄동로얄층 상태깨끗 입주협의,1
목동신시가지1단지,652,101,101A㎡,,280000,113동,1/5층,2026.09.28,,,16
목동신시가지1단지,652,101,101B㎡,,280000,108동,1/5층,2026.09.21,,,8
목동신시가지1단지,652,101,101B㎡,2652035056,300000,103동,1/5층,2026.09.28,,35 O 강력추천 O 지분많은 O 빠른재건축 O 실매물 O,1
목동신시가지1단지,652,115,115A㎡,,300000,114동,3/5층,2026.09.23,,,13
목동신시가지1단지,652,115,115A㎡,,310000,107동,2/5층,2026.09.15,,,8
목동신시가지1단지,652,115,115C㎡,,310000,124동,2/5층,2026.09.15,,,2
목동신시가지1단지,652,116,116E㎡,,300000,118동,14/15층,2026.09.11,,,8
목동신시가지1단지,652,116,116E㎡,2650945492,310000,123동,14/15층,2026.09.21,,올수리 월촌초 중 9호선역세권 재건축호재,1
목동신시가지1단지,652,118,118B㎡,,285000,105동,1/5층,2026.09.28,,,13
목동신시가지1단지,652,120,120D㎡,,290000,101동,2/5층,2026.09.18,,,15
목동신시가지1단지,652,120,120D㎡,,295000,125동,4/5층,2026.09.23,,,13
목동신시가지1단지,652,120,120D㎡,,295000,108동,5/5층,2026.09.22,,,10
목동신시가지2단지,653,113,113B㎡,,280000,201동,2/5층,2026.09.28,,,31
목동신시가지2단지,653,119,119C㎡,,290000,220동,4/15층,2026.09.19,,,18
목동신시가지2단지,653,119,119C㎡,,295000,225동,8/12층,2026.09.28,,,20
목동신시가지2단지,653,119,119C㎡,2650014665,300000,220동,11/15층,2026.09.15,,구올수리대지지분많은 구조C형입주일 협의가,1
목동신시가지2단지,653,121,121E㎡,,280000,213동,2/12층,2026.09.19,,,16
목동신시가지2단지,653,122,122D㎡,,300000,220동,14/15층,2026.09.28,,,9
목동신시가지2단지,653,122,122D㎡,2648322312,300000,222동,14/15층,2026.09.08,,"35남동향,올수리,월촌초중학군",1
목동신시가지3단지,654,100,100A㎡,,275000,318동,1/5층,2026.09.23,,,8
목동신시가지3단지,654,116,116B㎡,,285000,325동,5/5층,2026.09.28,,,13
목동신시가지3단지,654,116,116B㎡,,285000,318동,3/5층,2026.09.28,,,25
목동신시가지3단지,654,116,116B㎡,2649297022,290000,301동,고/5층,2026.09.11,,올수리깨끗 지위승계가능매물 조합설립인가전까지등기 가격협의가능 신속추진,1
목동신시가지3단지,654,126,126C㎡,,285000,303동,5/15층,2026.09.22,,,23
목동신시가지3단지,654,126,126C㎡,2650975708,285000,307동,2/12층,,,"주인거주 조합원승계가능 학군,교육환경최상",1
목동신시가지3단지,654,126,126C㎡,,300000,307동,2/12층,2026.09.18,,,12
목동신시가지4단지,655,115,115E㎡,2649558851,305000,407동,저/15층,,,수리상태깨끗합니다 남향입니다,1
목동신시가지4단지,655,115,115F㎡,,315000,411동,6/12층,2026.09.28,,,15
목동신시가지4단지,655,115,115E㎡,2650502769,315000,409동,14/15층,2026.09.18,,"주인거주깔끔수리 전망좋은남향 정상명도 학군,교육환경우수",1
목동신시가지5단지,656,113,113A㎡,,305000,521동,5/5층,2026.09.28,,,14
목동신시가지5단지,656,113,113C㎡,,320000,502동,2/5층,2026.09.23,,,12
목동신시가지5단지,656,113,113A㎡,2650708096,320000,502동,3/5층,2026.09.19,,35 조합원승계가능 주인거주 저층동로얄층 지분27.87,1
목동신시가지5단지,656,114,114D㎡,,330000,516동,3/5층,2026.08.29,,,2
목동신시가지5단지,656,114,114D㎡,2650192496,340000,516동,2/5층,2026.09.16,,"35추천1순위,비확장수리,주인거주,지위양도확실,동일평형시5.5억환급",1
목동신시가지5단지,656,114,114D㎡,2648548858,350000,517동,고/5층,2026.09.08,,"입주가,지분27.8,매도확실",1
목동신시가지5단지,656,118,118H㎡,,305000,534동,3/15층,2026.09.28,,,8
목동신시가지5단지,656,118,118H㎡,,325000,513동,3/12층,2026.09.22,,,3
목동신시가지5단지,656,118,118H㎡,,325000,534동,고/15층,2026.09.15,,,4
목동신시가지5단지,656,120,120G㎡,,310000,513동,6/12층,2026.09.28,,,7
목동신시가지5단지,656,120,120G㎡,,330000,514동,9/12층,2026.09.28,,,5
목동신시가지5단지,656,120,120G㎡,,350000,534동,1/15층,2026.09.21,,,3
목동신시가지7단지,659,106,106㎡,,340000,722동,1/15층,2026.09.23,,,2
목동신시가지7단지,659,121,121㎡,2647052774,335000,704동,4/15층,2026.09.01,,목운배정 방4화2 지분29.1 거실확장 샷시까지올수리,1
목동신시가지7단지,659,121,121㎡,,345000,703동,15/15층,2026.09.28,,,8
목동신시가지7단지,659,121,121㎡,2651340405,345000,703동,고/15층,2026.09.22,,"구수리, 확트이고 예쁜 전망,",1
목동신시가지8단지,440,127,127㎡,,300000,812동,10/15층,2026.09.22,,,6
목동신시가지9단지,959,103,103㎡,,275000,919동,1/5층,2026.09.28,,,11
목동신시가지9단지,959,108,108B㎡,,265000,929동,1/15층,2026.09.28,,,3
목동신시가지9단지,959,122,122A㎡,,250000,918동,2/5층,2026.09.22,,,2
목동신시가지9단지,959,122,122A㎡,,280000,914동,3/5층,2026.09.09,,,7
목동신시가지9단지,959,122,122A㎡,2650106154,290000,921동,3/5층,2026.09.16,,,5
목동신시가지9단지,959,128,128B㎡,,300000,903동,12/15층,2026.09.18,,,11
목동신시가지9단지,959,128,128B㎡,,300000,904동,저/15층,2026.09.18,,,13
목동신시가지9단지,959,128,128B㎡,,300000,903동,저/15층,2026.09.11,,,2
목동신시가지9단지,959,129,129A㎡,2651846663,300000,920동,5/5층,,,"구수리,재건축 추진중,",1
목동신시가지10단지,664,110,110B㎡,,252000,1030동,14/15층,2026.09.28,,,3
목동신시가지10단지,664,124,124A㎡,,285000,1002동,4/5층,2026.09.21,,,7
목동신시가지10단지,664,124,124A㎡,,290000,1004동,4/5층,2026.09.17,,,5
목동신시가지10단지,664,124,124A㎡,,295000,1005동,3/5층,2026.09.22,,,4
목동신시가지10단지,664,127,127B㎡,,283000,1017동,12/15층,2026.09.22,,,4
목동신시가지10단지,664,127,127B㎡,,283000,1020동,고/15층,2026.09.22,,,4
목동신시가지10단지,664,127,127B㎡,,285000,1025동,고/15층,2026.09.21,,,10
목동신시가지13단지,438,123,123B㎡,2648794267,345000,1318동,4/5층,2026.09.09,,구수리 정상 조정됨,1
목동신시가지13단지,438,128,128A㎡,,260000,1308동,14/15층,2026.09.28,,,10
목동신시가지13단지,438,128,128A㎡,,260000,1308동,10/15층,2026.09.22,,,14
목동신시가지13단지,438,128,128A㎡,,265000,1309동,4/15층,2026.09.28,,,12
목동신시가지14단지,669,101,101E㎡,,235000,1417동,6/15층,2026.09.28,,,11
목동신시가지14단지,669,107,107㎡,,250000,1426동,5/15층,2026.09.16,,,3
목동신시가지14단지,669,109,109C㎡,,250000,1429동,11/15층,2026.09.28,,,15
목동신시가지14단지,669,109,109A㎡,,250000,1422동,16/20층,2026.09.19,,,6
목동신시가지14단지,669,109,109A㎡,,255000,1422동,6/20층,2026.09.14,,,16
목동신시가지14단지,669,110,110B㎡,,270000,1409동,1/15층,2026.09.14,,,4
목동신시가지14단지,669,110,110B㎡,,275000,1407동,1/15층,2026.09.28,,,8
목동신시가지14단지,669,129,129A㎡,,280000,1410동,6/15층,2026.09.28,,,8
목동신시가지14단지,669,129,129A㎡,,280000,1412동,5/15층,2026.09.28,,,15
목동신시가지14단지,669,129,129A㎡,,280000,1410동,1/15층,2026.09.14,,,4
은마아파트,236,101,101㎡,2650815516,304000,8동,저/14층,2026.09.19,,급매물 조합승계 컨디션 깔끔,1
은마아파트,236,101,101㎡,2651872719,305000,30동,저/14층,2026.09.28,,"조합원 평형신청 진행중,투자가치 좋은 저렴한 매물 추천",1
은마아파트,236,101,101㎡,,305000,8동,저/14층,2026.09.28,,,2
은마아파트,236,115,115㎡,2650483606,338000,28동,저/14층,2026.09.18,,"사업시행인가완료,조합원지위승계,미래명품아파트",1
은마아파트,236,115,115㎡,2648706219,338000,21동,저/14층,2026.09.09,,"관리처분인가 진행중, 미래가치 투자하기 좋은 집, 소수의 급매.",1
은마아파트,236,115,115㎡,2651649147,340000,21동,중/14층,2026.09.28,,"관리처분인가, 미래가치 투자하기 좋은 집, 소수의 급매",1
도곡렉슬,11698,110,110B㎡,2650796036,340000,201동,중/23층,2026.09.19,,정원조망 확장 내부 컨디션 깔끔,1
도곡렉슬,11698,110,110B㎡,2648621125,340000,201동,저/23층,2026.09.09,,확장 수단지조경뷰 상가출입편리,1
도곡렉슬,11698,111,111A㎡,,340000,201동,저/23층,2026.09.28,,,14
도곡렉슬,11698,111,111A㎡,2650029832,350000,201동,저/23층,2026.09.16,,33판상형 확장 단지조경뷰 상가출입편리,1
도곡렉슬,11698,111,111A㎡,,360000,206동,2/23층,2026.09.28,,,17
래미안대치팰리스,180280,111,111C㎡,2651607900,420000,103동,저/22층,2026.09.23,,34 빠른입주 선호하는 판상형구조 내부깨끗 유명학원 도보이용가,1
래미안대치팰리스,180280,111,111C㎡,2651431377,430000,107동,중/30층,2026.09.23,,34 남향 전망채광굿 커뮤니티동,1
래미안대치팰리스,180280,111,111C㎡,2651510726,430000,105동,중/22층,2026.09.23,,34 SKY 판상형 조용한동,1
래미안대치팰리스,180280,112,112B㎡,2650603033,419000,106동,고/35층,2026.09.18,,잘 관리되어 내부 컨디션 깔끔 채광 밝은집,1
래미안대치팰리스,180280,112,112B㎡,2652022920,420000,106동,고/35층,2026.09.28,,,2
래미안대치팰리스,180280,112,112B㎡,2651313435,420000,106동,중/35층,2026.09.22,,34 급매 추천매물 옵션굿 채광우수 대치동학원가,1
래미안대치팰리스,180280,113,113A㎡,2651421282,420000,106동,저/35층,2026.09.23,,34 급매 대치초 학원중심가 더블역세권 편리한커뮤니티,1
래미안대치팰리스,180280,113,113A㎡,,420000,106동,중/35층,2026.09.23,,,2
래미안대치팰리스,180280,113,113A㎡,2651587883,420000,106동,고/35층,2026.09.23,,34 급매매 단독 관리 판상형 전망굳 상세설명 참조,1
래미안대치팰리스,180280,118,118㎡,,500000,102동,저/26층,2026.09.23,,,13
래미안대치팰리스,180280,122,122C㎡,2651246599,430000,202동,저/35층,2026.09.22,,37o 판상형o 입주협의,1
래미안대치팰리스,180280,122,122E㎡,2651524137,440000,202동,고/35층,2026.09.23,,,1
래미안대치팰리스,180280,122,122E㎡,2650733227,440000,202동,중/35층,2026.09.19,,매매o 방4개o 무주택자가능,1
래미안대치팰리스,180280,123,123A㎡,2651575871,429500,202동,중/35층,2026.09.23,,즉시계약 가능 합니다 내부 컨디션 최상,1
래미안대치팰리스,180280,123,123A㎡,2652023664,430000,202동,중/35층,2026.09.28,,,2
래미안대치팰리스,180280,123,123A㎡,2650733185,460000,202동,중/35층,2026.09.19,,37o 특 뷰 전망굿 o엘베2대,1
래미안대치팰리스,180280,124,124㎡,2650840088,500000,102동,저/26층,2026.09.21,,38추천.주인직매물.풀에어콘.판상형.입주협의,1
래미안대치팰리스,180280,124,124㎡,2649637887,510000,102동,중/26층,2026.09.14,,38추천.주인직매물.판상형.예쁜정원뷰.입주가능,1
래미안대치팰리스,180280,124,124㎡,,530000,102동,저/26층,2026.09.21,,,4
래미안대치팰리스,180280,126,126A㎡,2651511116,450000,103동,중/22층,2026.09.23,,38 SKY 엘베2 급매물 추천합니다,1
래미안대치팰리스,180280,126,126A㎡,2651427848,450000,103동,고/22층,2026.09.23,,38 남향 급매 엘베2 추천매물,1
래미안대치팰리스,180280,126,126A㎡,2650143094,450000,103동,저/22층,2026.09.16,,트인뷰안정감숙명단대가기좋은동도곡역세권찐찐,1
디에이치퍼스티어아이파크,134062,110,110A㎡,2648000300,335000,159동,고/26층,2026.09.05,,33. 탁트인 대모산 뷰.우수학군.입주가능. 강남최고급호텔급커뮤니티,1
디에이치퍼스티어아이파크,134062,110,110A㎡,2648032766,338000,159동,중/26층,2026.09.05,,입주가능 잔금일협의 초품아 중품,1
디에이치퍼스티어아이파크,134062,110,110A㎡,2647606092,338000,159동,고/26층,2026.09.03,,입주가능 1주택자,1
디에이치퍼스티어아이파크,134062,111,111B㎡,2650720587,333000,148동,고/24층,2026.09.19,,33 신축컨디션 채광좋고 전망좋은집,1
디에이치퍼스티어아이파크,134062,111,111B㎡,2648359515,334000,158동,고/29층,2026.09.07,,34. 대모산뷰. 개포중라인.골프.수영.커뮤니티,1
디에이치퍼스티어아이파크,134062,111,111C㎡,2647537961,335000,158동,중/29층,2026.09.03,,,3
디에이치퍼스티어아이파크,134062,123,123C㎡,,470000,173동,고/35층,2026.09.17,,,2
디에이치퍼스티어아이파크,134062,124,124A㎡,2651571284,380000,110동,저/19층,2026.09.23,,38. 교통편리한 로얄층.입주.학군 우수.최고급 호텔식커뮤니티,1
디에이치퍼스티어아이파크,134062,124,124A㎡,2651320937,385000,166동,저/31층,2026.09.22,,트여있는 아주 예쁜 정원뷰. 강추물건.,1
디에이치퍼스티어아이파크,134062,124,124A㎡,2651491877,390000,174동,저/35층,2026.09.23,,,2
개포자이프레지던스,128527,102,102A㎡,2650931921,340000,403동,고/12층,2026.09.21,,"31, 학교인접, 교통편리, 다채롭고 편리한 생활 인프라",1
개포자이프레지던스,128527,102,102A㎡,,350000,423동,7/14층,2026.09.28,,,47
개포자이프레지던스,128527,102,102A㎡,2652057786,350000,423동,고/14층,2026.09.28,,31. 관리최상. 트인뷰. 커뮤니티인접동,1
개포자이프레지던스,128527,110,110A㎡,2649913442,344000,408동,고/21층,2026.09.15,,내부 컨디션 깔끔 명품 커뮤니티,1
개포자이프레지던스,128527,110,110A㎡,2651590129,349000,411동,중/29층,2026.09.23,,34 대치학군을 갖춘 랜드마트 아파트를 선택할 수 있는 기회,1
개포자이프레지던스,128527,110,110A㎡,,350000,406동,11/19층,2026.09.28,,,30
래미안블레스티지,112228,113,113B㎡,2651547117,317000,220동,고/19층,2026.09.23,,34.내부상태최상.입주일협의가능.숲세권.최고급커뮤니티,1
래미안블레스티지,112228,113,113C㎡,2650998741,319000,212동,중/35층,2026.09.21,,입주협의 전망채광우수 로얄동 풀옵션매물,1
래미안블레스티지,112228,113,113B㎡,,320000,221동,13/22층,2026.09.28,,,43
래미안블레스티지,112228,115,115D㎡,,320000,210동,저/29층,2026.09.21,,,2
래미안블레스티지,112228,115,115D㎡,2651539738,320000,210동,중/29층,2026.09.23,,"Bee.34 급매, 실매물, 전화주세요",1
래미안블레스티지,112228,115,115D㎡,2651536480,320000,211동,중/29층,2026.09.23,,"Bee.34 급매, 로얄동, 로얄층, 전화주세요",1
래미안블레스티지,112228,116,116P㎡,,350000,201동,고/8층,2026.09.18,,,3
래미안블레스티지,112228,116,116P㎡,2646954467,355000,201동,8/8층,2026.09.01,,"펜트하우스,희소한84 ㎡펜트하우스,테라스2개,뻥뚤린뷰,공동仲介사양",1
래미안블레스티지,112228,116,116P㎡,2646806408,355000,201동,고/8층,2026.08.31,,35 테라스 하시입주가능,1
개포래미안포레스트,119219,101,101㎡,2651375126,304000,126동,중/25층,2026.09.22,,개포 명품주거 컨디션 깔끔,1
개포래미안포레스트,119219,101,101㎡,2652011861,305000,126동,중/25층,2026.09.28,,"31 명품 커뮤니티, 호텔식 조중석식, 위례과천선 호재.아름다운 뷰",1
개포래미안포레스트,119219,101,101㎡,2651528592,305000,126동,고/25층,2026.09.23,,31.매매.빠른진행가능. 숲세권.하이엔드커뮤니티.프리미엄조중석식,1
개포래미안포레스트,119219,115,115A㎡,2651973444,315000,116동,중/19층,2026.09.28,,35.매매.추천매물.호텔식조중석식.프리미엄 커뮤니티,1
개포래미안포레스트,119219,115,115A㎡,2650386588,318000,131동,저/15층,2026.09.17,,"35. 매매, 실매물, 입주가, 숲세권, 올데이 다이닝, 양재천연결",1
개포래미안포레스트,119219,115,115A㎡,,319000,105동,고/14층,2026.09.19,,,2
개포래미안포레스트,119219,128,128A㎡,2652049555,365000,104동,중/33층,2026.09.28,,로얄타입 트여있습니다 내부 컨디션 최상,1
개포래미안포레스트,119219,128,128A㎡,2651481044,370000,115동,중/35층,2026.09.23,,"35. 탁트인뷰,달터공원,커뮤니티근접동,고품격커뮤니티,조중석식",1
개포래미안포레스트,119219,128,128A㎡,2650761572,370000,104동,중/33층,2026.09.19,,38구룡초역 발표임박 입주가능 숲세권뻥뷰 김실장의 추천매물,1
개포래미안포레스트,119219,129,129B㎡,2651625277,365000,115동,중/35층,2026.09.23,,39 매매 입주가 명품커뮤니티 호텔식조중석식 파노라마뷰,1
개포래미안포레스트,119219,129,129B㎡,2651625582,370000,104동,고/33층,2026.09.23,,38B 매매 입주가능 실거주 만족도높은 포레스트 강력추천,1
개포래미안포레스트,119219,129,129B㎡,2651622776,370000,104동,저/33층,2026.09.23,,39 구룡초배정 양재천 달터공원숲세권 호텔식조중석식 명품커뮤니티,1
대치아이파크,19418,107,107C㎡,,380000,108동,저/25층,2026.09.23,,,8
대치아이파크,19418,107,107C㎡,,390000,108동,저/25층,2026.09.22,,,18
대치아이파크,19418,107,107C㎡,2651872589,400000,108동,고/25층,2026.09.28,,햇살 좋고 밝은 집. 정문 상가동 이용 편리. R동 R층 전세 안고 매매,1
대치아이파크,19418,108,108A㎡,2651563560,370000,109동,중/24층,2026.09.23,,32 내부수리 채광좋음 명품학군단지 세안고매매,1
대치아이파크,19418,108,108B㎡,,380000,108동,중/25층,2026.09.23,,,11
대치아이파크,19418,108,108B㎡,2651314703,380000,108동,저/25층,2026.09.22,,"32.주인의뢰,입주가능하고, 중간전체올수리,올확장,입주협의가능합니다.",1
대치아이파크,19418,111,111㎡,,395000,103동,고/22층,2026.09.28,,,16
대치아이파크,19418,111,111㎡,2649308753,395000,103동,중/22층,2026.09.12,,학군좋고 학원가 가깝다,1
반포자이,22853,116,116B㎡,2650764559,419000,123동,저/29층,2026.09.19,,35 소유자 직접 정원뷰 역세권 하시입주가능,1
반포자이,22853,116,116C㎡,2650754639,419000,143동,고/26층,2026.09.19,,트인조망 내부 컨디션 양호 밝은집,1
반포자이,22853,116,116D㎡,2652007130,420000,143동,고/26층,2026.09.28,,"35 강력추천 급매,타운단독",1
래미안원베일리,142155,100,100A㎡,2651164323,540000,116동,중/33층,2026.09.22,,고려30매매. 주인직 확출 확트인뷰 상태굿,1
래미안원베일리,142155,100,100A㎡,2650380447,540000,118동,저/33층,2026.09.17,,,2
래미안원베일리,142155,100,100B㎡,2649918286,540000,117동,중/33층,2026.09.15,,,1
래미안원베일리,142155,111,111D㎡,,500000,118동,저/33층,2026.09.28,,,2
래미안원베일리,142155,111,111D㎡,,510000,118동,중/33층,2026.09.28,,,3
래미안원베일리,142155,111,111D㎡,2651782909,510000,118동,저/33층,2026.09.28,,34 SKY 초급매. 확트인전망. 확실한매물,1
래미안원베일리,142155,112,112K㎡,2651757672,500000,112동,중/33층,2026.09.28,,"급매, 멋진정원뷰,풀옵션,지금이기회,빨리서두르세요,모든평형있음",1
래미안원베일리,142155,112,112K㎡,,500000,112동,저/33층,2026.09.28,,,2
래미안원베일리,142155,112,112K㎡,,500000,115동,저/34층,2026.09.28,,,2
래미안원베일리,142155,113,113N㎡,,500000,104동,저/35층,2026.09.28,,,4
래미안원베일리,142155,113,113N㎡,2651854302,500000,120동,저/35층,2026.09.28,,"34. 매매, 단독조정가능",1
래미안원베일리,142155,113,113N㎡,,500000,105동,저/35층,2026.09.23,,,2
아크로리버파크,107613,110,110E㎡,2648475734,495000,101동,중/26층,2026.09.08,,"판상형 풀에에컨 풀옵션. 정원안쪽 가장 조용한동, 입주일정 협의.",1
아크로리버파크,107613,110,110G㎡,2651789901,500000,101동,중/26층,2026.09.28,,34 SKY 초급매. 최저가. 판상형. 확실진행,1
아크로리버파크,107613,110,110E㎡,2651363759,500000,102동,중/22층,2026.09.22,,34 풀옵션. 관리잘된집. 편리한 커뮤니티,1
아크로리버파크,107613,112,112B㎡,2652120873,489000,104동,저/33층,2026.09.28,,l다름34 l급매l 한강뷰l 매매l 내부컨디션 특A급,1
아크로리버파크,107613,112,112A㎡,,490000,112동,중/19층,2026.09.28,,,3
아크로리버파크,107613,112,112B㎡,2652125076,490000,106동,저/33층,2026.09.28,,,2
아크로리버파크,107613,113,113D㎡,2650633521,490000,109동,저/38층,2026.09.18,,84type.거실 3면창.사이드.한강뷰 채광좋은집.입주가능.수영장,1
아크로리버파크,107613,113,113D㎡,2647618732,495000,109동,저/38층,2026.09.03,,24. 급매.좋은 금액.편리한 커뮤니티.,1
아크로리버파크,107613,113,113D㎡,2651527776,507000,103동,고/35층,2026.09.23,,34. 급매 확실진행 관리상태최상 탁트인뷰 세대방문가능,1
아크로리버파크,107613,114,114C㎡,2646956217,500000,111동,저/22층,2026.09.01,,여기가정답 빠른결정 급매,1
아크로리버파크,107613,114,114C㎡,2648806852,519000,106동,저/33층,2026.09.10,,34 고민말고 전화하세요. 초급매 귀한매물,1
아크로리버파크,107613,114,114C㎡,,520000,106동,4/33층,2026.09.27,,,19
서초그랑자이,126726,101,101A㎡,2651530170,375000,105동,고/35층,2026.09.23,,30 신축급컨디션 햇살좋아 밝음 트인전망 풀옵션,1
서초그랑자이,126726,112,112A㎡,2652134245,389000,108동,중/35층,2026.09.28,,로얄동 선호도좋은타입 빠른거래가능한 급매물,1
서초그랑자이,126726,112,112A㎡,2651219299,390000,101동,고/35층,2026.09.22,,"급 집주인 단독, 전세안고도가능 , 입주 협의, 호텔급 커뮤니",1
서초그랑자이,126726,112,112A㎡,2652037009,390000,108동,중/35층,2026.09.28,,,2
서초그랑자이,126726,113,113B㎡,2652148557,430000,102동,중/35층,2026.09.28,,,10
서초그랑자이,126726,113,113B㎡,2651637266,440000,103동,저/35층,2026.09.23,,,2
서초그랑자이,126726,115,115C㎡,,400000,104동,중/35층,2026.09.17,,,12
서초그랑자이,126726,115,115D㎡,2649911565,415000,102동,고/35층,2026.09.15,,,4
서초그랑자이,126726,115,115D㎡,2651996018,420000,102동,고/35층,2026.09.28,,,6
서초그랑자이,126726,123,123B㎡,2652148797,450000,102동,고/35층,2026.09.28,,,9
서초그랑자이,126726,123,123B㎡,2649811756,450000,102동,중/35층,2026.09.15,,O영구조망 O테라스 O베타룸 O귀한타입 O자산가치상승,1
서초그랑자이,126726,127,127A㎡,2650368911,419000,106동,고/34층,2026.09.17,,내부 풀옵션 컨디션 최상 주거만족 최우수 단지,1
서초그랑자이,126726,127,127A㎡,2651923525,420000,106동,고/34층,2026.09.28,,"급매매 , 전세안고,무주택자만가능풀옵션 , 중앙정원 한 눈에 조망,",1
서초그랑자이,126726,127,127A㎡,2648454388,420000,103동,중/35층,2026.09.08,,"급매,전세안고,로열동 로열층, 한 눈에 정원 뷰, 지하 커뮤니티",1
서초그랑자이,126726,128,128B㎡,2652134261,459000,106동,고/34층,2026.09.28,,,2
서초그랑자이,126726,128,128B㎡,2652121500,460000,106동,32/34층,2026.09.28,,,28
서초그랑자이,126726,128,128B㎡,2651935812,460000,106동,고/34층,2026.09.28,,39 고층 풀옵션. 호텔급 커뮤니티. 강남역세권,1
헬리오시티,111515,107,107A㎡,2650985409,280000,206동,저/28층,2026.09.21,,33. 입주가능 관리잘된집 커뮤니티이용편리 위례신사선수혜 시스템에어콘,1
헬리오시티,111515,107,107A㎡,2650079948,280000,414동,저/24층,2026.09.16,,33p매매o초역세권0가락탑4254200앞트인 남향o입주협의,1
헬리오시티,111515,107,107A㎡,2651532455,284000,217동,고/28층,2026.09.23,,33.가장 먼저 매도 될 집.탁트인 시원한 탄천조망. 판상형.,1
헬리오시티,111515,108,108L㎡,,273000,212동,저/21층,2026.09.28,,,6
헬리오시티,111515,108,108L㎡,,275000,211동,저/21층,2026.09.28,,,3
헬리오시티,111515,108,108L㎡,2651496259,275000,212동,저/21층,2026.09.23,,"초록정원뷰,선호타입,에어컨풀,잔금협의됨",1
헬리오시티,111515,109,109C㎡,2649890697,278000,406동,2/29층,2026.09.15,,33 초역세권 정원뷰 입주가능 매물,1
헬리오시티,111515,109,109E㎡,,280000,213동,고/25층,2026.09.22,,,2
헬리오시티,111515,109,109E㎡,2652067713,280000,404동,저/29층,2026.09.28,,"33p, 파크밴드 라인. 초 역세권.시스템 에어컨.해 잘드는 남향",1
헬리오시티,111515,110,110F㎡,,270000,202동,저/29층,2026.09.22,,,3
헬리오시티,111515,110,110F㎡,,272000,201동,저/35층,2026.09.17,,,2
헬리오시티,111515,110,110F㎡,,274000,202동,저/29층,2026.09.23,,,2
헬리오시티,111515,126,126A㎡,2650614467,314000,410동,중/29층,2026.09.18,,로얄타입 관리상태 매우양호 트인조망,1
헬리오시티,111515,126,126A㎡,2651873732,315000,205동,고/29층,2026.09.28,,"입주매물, 27년초 입주협의, 풀에어컨, 송파역이용편리, 거주만족도 최고",1
헬리오시티,111515,126,126A㎡,2652101935,315000,205동,저/29층,2026.09.28,,학사 402 3322 탁트인 남향 방4개 장기거주가능,1
파크리오,22675,108,108B㎡,2649661230,280000,313동,저/27층,2026.09.14,,32 급매물 채광좋은초록정원뷰 내부깔끔관리 거주만족도최고 집완전좋아요,1
파크리오,22675,108,108B㎡,,285000,308동,중/36층,2026.09.28,,,2
파크리오,22675,108,108B㎡,2651622553,285000,307동,저/36층,2026.09.23,,확장 확트인전망 해가아주잘듬 인기좋은보행로 최저 추천 매물,1
파크리오,22675,109,109C㎡,2651159603,277000,311동,고/30층,2026.09.22,,급매물 트인조망 내부 컨디션 깔끔,1
파크리오,22675,109,109C㎡,2651923710,278000,309동,중/33층,2026.09.28,,초급매 세안고가능 조정가,1
파크리오,22675,109,109C㎡,2651506658,278000,308동,저/36층,2026.09.23,,33 1순위 초급매O 관리잘된집O 성내천산책길O 유튜브시세확인O,1
잠실엘스,22627,109,109A㎡,,306000,162동,저/28층,2026.09.28,,,12
잠실엘스,22627,109,109B㎡,2651477539,308000,162동,저/28층,2026.09.23,,엘33 올확장 남향 최저가 추천매매 금액조율 조건맞춰드림,1
잠실엘스,22627,109,109B㎡,,310000,106동,저/28층,2026.09.28,,,2
잠실엘스,22627,111,111C㎡,,310000,129동,저/21층,2026.09.28,,,9
잠실엘스,22627,111,111C㎡,2651638632,310000,161동,중/22층,2026.09.23,,계좌나와요 남서향 올확장 해좋아요 화단철거 한강뷰환상 가장 저렴해요,1
잠실엘스,22627,111,111C㎡,2651366434,310000,116동,저/26층,2026.09.22,,"엘33 최저가 입주매매, 올확장, 초역세권, 상가이용편리",1
리센츠,22746,109,109C㎡,2649871303,328990,205동,고/27층,2026.09.15,,교통생활시설학군 여건이 고르게 갖춰진 인기 지역입니다.,1
리센츠,22746,109,109A㎡,2650508360,329000,205동,고/27층,2026.09.18,,확장형 트여 있습니다 컨디션 깔끔,1
리센츠,22746,109,109C㎡,,330000,203동,1/29층,2026.09.15,,,5
리센츠,22746,110,110H㎡,,335000,224동,저/27층,2026.09.28,,,13
리센츠,22746,110,110H㎡,,340000,225동,중/30층,2026.09.28,,,2
리센츠,22746,110,110H㎡,2651522342,340000,224동,저/27층,2026.09.23,,"중층,초역세권 입주급매물,커뮤니티인접 I 분수대,정원조망 I 올확장",1
리센츠,22746,126,126㎡,2651336275,409000,242동,중/29층,2026.09.22,,내부 올수리 되어 컨디션 깔끔 올확장 트인조망,1
리센츠,22746,126,126㎡,2651886665,410000,233동,중/21층,2026.09.28,,38 귀한매물 역세권 올확장 뷰좋아요,1
리센츠,22746,126,126㎡,2651298372,410000,242동,중/29층,2026.09.22,,38.올확장 특화이트인테리어 밝고 앞뒤개방감최상 관리잘된집,1
트리지움,19127,110,110A㎡,2650353801,304500,331동,중/32층,2026.09.17,,내부 수리되어 컨디션 좋은 로얄동 확장형매물,1
트리지움,19127,110,110A㎡,,305000,331동,중/32층,2026.09.28,,,2
트리지움,19127,110,110A㎡,2649802781,305000,331동,저/32층,2026.09.15,,트33A 1순위 입주매물 실내확장 개방감굿 내부깔끔 엘베2대 편리,1
올림픽선수기자촌,634,112,112㎡,,270000,110동,저/24층,2026.09.28,,,2
올림픽선수기자촌,634,112,112㎡,,275000,116동,저/24층,2026.09.28,,,17
올림픽선수기자촌,634,112,112㎡,2651377584,275000,122동,중/24층,2026.09.22,,투자성좋은 방이동 로얄단지 매물,1
올림픽선수기자촌,634,132,132B㎡,,300000,102동,5/14층,2026.09.22,,,15
올림픽선수기자촌,634,132,132B㎡,,300000,123동,중/12층,2026.09.28,,,4
올림픽선수기자촌,634,132,132B㎡,,300000,117동,중/12층,2026.09.21,,,11
개포주공7단지,1307,100,100㎡,,300000,707동,2/15층,2026.09.22,,,6
개포주공7단지,1307,100,100㎡,2651194051,300000,707동,3/15층,2026.09.22,,40배정 올수리 조정가 지분18.27 현대건설 디에이치 르베르,1
개포주공7단지,1307,100,100㎡,,310000,706동,10/15층,2026.09.23,,,3
개포주공7단지,1307,114,114㎡,2651969359,319000,704동,8/15층,2026.09.28,,강남권 개발 호재로 인한 미래가치 확실,1
개포주공7단지,1307,114,114㎡,,320000,704동,2/15층,2026.09.22,,,4
개포주공7단지,1307,114,114㎡,2651211529,320000,705동,6/15층,2026.09.22,,"34배정, 디에이치르베르, 관리처분인가예정",1
개포주공6단지,1303,107,107㎡,2651379489,319000,608동,고/13층,2026.09.22,,빠른계약가능한 재건축단지,1
개포주공6단지,1303,107,107㎡,,320000,608동,13/13층,2026.09.23,,,5
개포주공6단지,1303,107,107㎡,,320000,602동,13/15층,2026.09.22,,,3
대치미도아파트,105,113,113㎡,2650277796,349000,208동,중/14층,2026.09.17,,내부 특올수리 입주협의 빠른계약 가능합니다,1
대치미도아파트,105,113,113㎡,2648955014,350000,208동,중/14층,2026.09.10,,특올수리,1
대치미도아파트,105,113,113㎡,2651524664,355000,101동,고/14층,2026.09.23,,1차34 로얄층 위치최상 특올수리 잔금넉넉히가능 선물같은집에요,1
대치미도아파트,105,114,114㎡,2650610661,349000,208동,13/14층,2026.09.18,,입주협의 내부 특올수리 로얄동 매물,1
대치미도아파트,105,114,114㎡,2652054143,350000,208동,고/14층,2026.09.28,,미도 2차 35 올수리 매매 매물입니다,1
대치미도아파트,105,114,114㎡,2652062774,350000,201동,중/14층,2026.09.28,,2차35 올수리 대곡초 휘문중 조합설립추진중.,1
